Company,URL
ABL,https://jobs.lever.co/ablspacesystems
ACS,https://careers-acs.icims.com/jobs/search?mobile=false&width=1440&height=500&bga=true&needsRedirect=false&jan1offset=-300&jun1offset=-240
Advanced Space,https://advancedspace.com/careers/
aerodome,https://www.aerodome.com/careers/
Aerospace,https://talent.aerospace.org/careers
Aerovironment,https://avav.wd1.myworkdayjobs.com/AVAV
Aetherflux,https://www.aetherflux.com/#careers-anchor
Airbus?,https://ag.wd3.myworkdayjobs.com/en-US/Airbus?q=intern&locationCountry=bc33aa3152ec42d4995f4791a106ed09
Albedo ,https://albedo.com/company#jobs
Algile Propulstion,https://agilespaceindustries.com/jobs
Alpine Eagle,https://alpineeagle.com/career/
Analytical Mechanics Associates,https://phh.tbe.taleo.net/phh04/ats/careers/v2/searchResults?org=ANAMECH&cws=37
Anduril,https://www.anduril.com/open-roles/?location=&department=&search=
antares,https://www.antares.aero/
Antaris,https://www.linkedin.com/jobs/antaris-inc-jobs-worldwide/?currentJobId=3995957092&f_C=77728841
Apex Space,https://www.apexspace.com/careers#openings
Applied Intuition,https://www.appliedintuition.com/careers#job-listings
Arete,https://workforcenow.adp.com/mascsr/default/mdf/recruitment/recruitment.html?cid=ed4b889e-3beb-433a-9b2c-7258324f6a83&ccId=19000101_000001&lang=en_US
argo space,https://argospace.com/careers
Astra,https://astra.com/careers/#open-roles
Astranis,https://job-boards.greenhouse.io/astranis?keyword=intern
Astro Forge,https://jobs.gem.com/astroforge-io
Astro Mechanica,https://www.astromecha.co/careers
Astrobotic,https://www.astrobotic.com/company/careers/
ATA Engineering,https://www.ata-e.com/careers/co-op-internship-programs/
Atmos,https://atmos-space-cargo.com/careers/
Atomos,https://job-boards.greenhouse.io/atomosspace
Axiom Space,https://axiomspace.wd5.myworkdayjobs.com/External_Career_Site
BAE,https://jobs.baesystems.com/global/en/search-results?keywords=intern
Barber Nichols,https://barber-nichols.com/careers/
Black Sky,https://www.blacksky.com/careers/
Blue Canyon,https://www.bluecanyontech.com/careers
Blue Origin,https://www.blueorigin.com/careers/search
bluehalo,https://bluehalo.com/careers/apply/#job-listings
Boeing,https://jobs.boeing.com/category/internship-jobs/185/9287/1
Boom Supersonic,https://boomsupersonic.com/careers/all-positions
Cambium,https://www.cambium-usa.com/careers/
Capella Space,https://www.capellaspace.com/company/careers#open-positions
Castelion,https://www.castelion.com/careers
Cesium Astro,https://jobs.lever.co/CesiumAstro
cx2,https://jobs.lever.co/cx2
Darkhive,https://apply.workable.com/darkhive/
Dawn Aerospace,https://dawnaerospace.bamboohr.com/careers
Draper,https://draper.wd5.myworkdayjobs.com/en-US/Draper_Careers/details/GN-C-Student_JR000571?workerSubType=b9bd15164d241000cf9857a64e2e0000
Echodyne,https://www.echodyne.com/resources/about/#careers
Elodin,https://www.elodin.systems/company
EO Solutions,https://e-o.solutions/careers/
Epirus,https://www.epirusinc.com/open-roles
Epsilon3,https://jobs.lever.co/epsilon3
firefly,https://fireflyspace.com/careers/?keywords=intern#jobopenings
Firehawk,https://firehawkaerospace.com/careers/
Firestorm,https://www.launchfirestorm.com/careers
Flatirons Solutuions,https://www.flatironssolutions.com/company/work-with-us/#open-positions
Flawless photonics,https://www.flawless-photonics.com/
Flow Engineering,https://flowengineering.com/careers/
Flyby Robotics,https://www.flybyrobotics.com/#careers
Forterra,https://www.forterra.com/careers#open-roles
General Atomics,https://www.ga-careers.com/
General Dynamics,https://www.gd.com/careers/job-search?state=eyJhZGRyZXNzIjpbXSwiZmFjZXRzIjoiW3tcIm5hbWVcIjpcImNhcmVlcl9lbXBsb3ltZW50X3R5cGVzXCIsXCJ2YWx1ZXNcIjpbe1widmFsdWVcIjpcIkludGVyblwifV19XSIsInBhZ2UiOjAsIndoYXQiOiIiLCJwYWdlU2l6ZSI6MTB9
Ghostrobotics,https://www.ghostrobotics.io/careers
Gravitics,https://jobs.lever.co/graviticsspace
Gulfstream,https://careers.gulfstream.com/search/?createNewAlert=false&q=intern&locationsearch=
Havoc ai,https://www.havocai.com/jobs
Hawkeye360,https://hawkeye360.applicantstack.com/x/openings?jobtitle=intern&js_394032=
Helsing,https://helsing.ai/jobs
Hera Systems,https://www.herasys.com/
Honeybee,https://www.honeybeerobotics.com/about-us/internships/
Impulse Space,https://www.impulsespace.com/careers#were-hiring
intelsat,https://www.intelsat.com/careers/#en/sites/Careers
Interlune,https://www.interlune.space/careers
Intuitive Machines,https://workforcenow.adp.com/mascsr/default/mdf/recruitment/recruitment.html?cid=b0e24f83-6e4d-492d-9d6a-bc0fea197d6a&ccId=19000101_000001&lang=en_US
Inversion,https://www.inversionspace.com/careers
Johns Hopkins Physics Lab,https://careers.jhuapl.edu/internships
k2 space,https://www.k2space.com/careers
L3harris,https://careers.l3harris.com/en/search-jobs/intern/4832/1?glat=40.760799407958984&glon=-111.89099884033203
LASP,https://lasp.colorado.edu/careers/
Latitude,https://www.latitude.eu/ 
Leidos,https://careers.leidos.com/search/jobs?q=intern
LMO,https://www.lmo.space/working-at-lmo/
Lockheed ,https://www.lockheedmartinjobs.com/search-jobs/intern/694/1
Loft Orbital,https://jobs.lever.co/loftorbital/
Longshot,https://www.longshotspace.com/
Lunar Outpost,https://www.lunaroutpost.com/careers
Mach,https://jobs.ashbyhq.com/mach?employmentType=Intern
Maxar,https://maxar.wd1.myworkdayjobs.com/MAXAR?utm_source=Maxar-careers&utm_medium=website&workerSubType=85b45153b47510fa306a2afde3ab1970&_gl=1*1v6enz3*_gcl_au*MzM2NDc0MDQxLjE3Mjc2NDc2OTE.*_ga*MTU0NDEzNjY3Ny4xNzI3NjQ3Njkx*_ga_PLMRYWTSEB*MTcyNzY0NzY5MS4xLjEuMTcyNzY0NzY5Ny41NC4wLjA.
Millennium Space,https://millenniumspace.applytojob.com/apply
Momentus,https://momentus.space/
Morpheus Space,https://careers.morpheus.space/
Muon,https://job-boards.greenhouse.io/muonspace
NASA,https://www.nasa.gov/learning-resources/internship-programs/
Nautilus,https://www.nautilusdefense.com/
Neros,https://job-boards.greenhouse.io/nerostechnologies
neworbit,https://neworbit.pinpointhq.com/
Nomnal,https://jobs.lever.co/nominal
Northrop,https://www.northropgrumman.com/jobs?_job_search=intern
Northwood,https://www.northwoodspace.io/careers
nuview,https://www.nuview.space/careers
Odessey,https://odysseysr.com/careers/
oki,https://oksi.ai/careers/
orbit fab,https://www.orbitfab.com/careers/
Orbital Sidekick,https://jobs.lever.co/orbitalsidekick
Outpost,https://job-boards.greenhouse.io/outpostspace
Palantir,https://www.palantir.com/careers/
Peraton,https://careers.peraton.com/search-jobs?
phase four,https://phasefour.io/careers/#apply
phaseone,https://www.phaseone.com/about/careers/
Picogrid,https://picogrid.com/careers
Planet,https://www.planet.com/company/careers/?depId=55195
Pldspace,https://pldspace.com/career/en/
Portal,https://www.portalsystems.space/#section-home-delta
Privateer,https://www.privateer.com/careers
Pterodynamics,https://pterodynamics.com/careers/#section-222-82
Pules,https://pulsespace.com/
Radian Aerospace,https://radianaerospace.bamboohr.com/careers
rain,https://www.rain.aero/about-us
Raytheon,https://careers.rtx.com/global/en?gad_source=1&gclid=CjwKCAjwufq2BhAmEiwAnZqw8tPOyWMHwg4GR26dwhqmBut77-_ZbC7yMXqmw2ofovjZxKNn8XIVIhoC-5YQAvD_BwE
Reaction Dynamics,https://www.reactiondynamics.space/#Team
red 6,https://red6ar.com/careers/
Red Cat,https://redcat.red/careers/
Redwire,https://careers.redwirespace.com/jobs/search?page=1&query=
Reflect Orbital,https://reflectorbital.notion.site/Open-Roles-0a71ab5e030449238f3a997e787dc1fa
Relativity,https://www.relativityspace.com/internships
Reveal,https://jobs.lever.co/revealtech
Revolution,https://revolutionspace.com/careers/
Rocket Lab,https://rocketlabusa.com/careers/positions/filter?keywords=intern&programme=&category=&date1727647743245
saildrone,https://www.saildrone.com/careers/available-jobs
saronic,https://jobs.lever.co/saronic
Scout,https://job-boards.greenhouse.io/scoutspace
Seasats,https://seasats.com/careers/
SES,https://careers.ses.com/go/Interns-and-Students/4312101/
ShieldAi,https://jobs.lever.co/shieldai
Sierra Space,https://sierraspace.wd1.myworkdayjobs.com/Sierra_Space_External_Career_Site?workerSubType=3c40f657f8fe10106b83492d8d660001
Sift,https://careers.siftstack.com/
Skydio,https://www.skydio.com/careers/#job-listing
SNC,https://snc.wd1.myworkdayjobs.com/SNC_External_Career_Site/
solestial,https://solestial.com/careers/
SPACE JOBS,https://spacecrew.com/space-internship-jobs
Space Soalr,https://www.spacesolar.co.uk/careers/engineering-roles/
Spacenav,https://www.space-nav.com/about/
SpaceX,https://www.spacex.com/internships/
Spire,https://spire.com/careers/job-openings/
SRI,https://careers-sri.icims.com/jobs/search?ss=1&searchKeyword=intern&searchRelation=keyword_all
star catcher,https://star-catcher.com/careers/
Starfish Space,https://wellfound.com/company/starfish-space/jobs
Starpath Robotics,https://jobs.ashbyhq.com/starpath.space
Stellar,https://careers-stellarsolutions.icims.com/jobs/search?ss=1&searchKeyword=engineer&searchCategory=37705
Stoke,https://www.stokespace.com/careers/current-openings/
Swarmrobotics AI,https://swarmboticsai.applytojob.com/apply
Teal,https://tealdrones.com/careers/
Tendeg,https://tendeg.hrmdirect.com/employment/job-openings.php?search=true&dept=-1&city=Louisville&state=-1
Terran Orbital,https://apply.workable.com/terranorbital/
True Anomaly,https://www.trueanomaly.space/careers
Turion Space,https://turionspace.pinpointhq.com/#js-careers-jobs-block
ULA,https://jobs.ulalaunch.com/go/INTERNSHIPS/9628400/
umbra,https://umbra.space/careers/job-openings/
UrsaMajor,https://www.ursamajor.com/careers
vantage robotics,https://vantagerobotics.com/careers/
Varda,https://www.varda.com/careers#open-positions
Vartega,https://vartega.bamboohr.com/careers
vast,https://www.vastspace.com/careers#Job-Openings
Virgin,https://vgcareers.virgingalactic.com/global/en/c/engineering-jobs
Virtus Solis,https://virtussolis.space/team
Volta space,https://www.voltaspace.co/
Voltaero,https://www.voltaero.aero/careers/
Voyager Spae,https://voyagerspace.com/company/join-us/
Woodward,https://woodward.wd5.myworkdayjobs.com/woodward?q=intern&locations=6da8ebec461a10015fcf03aeed510000&locations=6da8ebec461a10015fcee6b96ff20000&locations=6da8ebec461a10015fcf35b6cb130000
wyvern,https://wyvern.space/careers/#positions
Xona Space,https://www.xonaspace.com/careers
York,https://recruitingbypaycor.com/career/CareerHome.action?clientId=8a7883d0821e1a6301823c22a8bd068b
